0,0.069
1957,0.11
3400,1
4842,0.56
6283,0.145
7726,1
9167,0.018
10611,0.023
12054,0.05
13494,0.08
14939,1
16381,0.342
17824,1
19264,0.2
20705,0.11
22148,0.2
23588,1
25032,0.2
26475,0.25
27915,0.58
29356,1
30797,0.1
32239,0.023
33682,0.021
35122,0.018
36566,0.021
37433,0.02
37442,0.021
37451,0.02
37465,0.018
37475,0.02
37508,0.019
37517,0.018
37526,0.019
37536,0.018
37564,0.018
37574,0.018
37588,0.05
37597,0.11
37607,0.03
37621,0.026
37630,0.018
37644,0.026
37659,0.17
37673,0.171
37711,0.11
37739,0.05
37758,0.019
37787,0.03
37806,0.11
37815,0.2
37830,0.684
37840,1
37912,0.342
37936,0.25
37950,0.2
37969,0.145
37979,0.117
37988,0.12
38002,0.145
38012,0.15
38022,0.165
38329,0.018
38339,0.019
38426,0.018
38576,0.019
38591,0.018
38620,0.02
38629,0.085
38639,0.019
38659,0.018
38669,0.085
38678,0.171
38713,0.018
38723,0.145
38767,0.05
38786,0.145
38831,0.2
38841,0.25
38861,0.35
38921,1
38970,0.2
38980,0.018
38995,0.019
39034,0.11
39044,0.05
39064,0.018
39099,0.11
39244,0.29
39269,0.684
39279,1
39289,1.595
39314,0.725
39354,0.2
39409,0.171
39494,0.2
39553,0.145
39563,0.171
39703,0.145
39888,0.1
39923,0.11
39938,0.145
39953,0.11
39999,0.145
40009,0.11
40024,0.12
40044,0.05
40084,0.019
40190,0.018
40266,0.019
40277,0.018
40292,0.019
40586,0.018
40637,0.019
40825,0.018
40860,0.019
40967,0.018
41022,0.2
41104,0.181
41115,0.171
41171,0.019
41182,0.018
41192,0.019
41207,0.018
41212,0.054
41222,0.17
41253,0.145
41294,0.725
41452,0.145
41468,0.181
41478,0.684
41550,0.5
41561,0.725
41591,0.2
41597,0.725
41607,1.61
41623,2
41648,0.342
41889,2
41945,0.29
42241,1.61
42251,0.5
42376,2
42422,0.5
42490,0.2
42500,0.181
42505,0.145
42526,0.046
42558,0.05
42595,0.046
42605,0.05
42683,0.046
42715,0.05
42725,0.11
42730,0.046
42741,0.018
42746,0.019
42772,0.018
42876,0.02
42887,0.018
42892,0.046
42903,0.018
42908,0.046
42924,0.018
43040,0.02
43050,0.019
43134,0.046
43166,0.11
43203,0.145
43213,0.11
43286,0.145
43292,0.046
43549,0.145
43591,0.046
43864,0.145
43891,0.171
43901,0.2
43917,1.61
43923,0.2
43944,0.171
43950,1.61
43966,0.342
44015,1.61
44020,0.145
44058,0.05
44086,0.145
44119,0.15
44124,0.05
44146,0.046
44151,0.018
44179,0.046
44206,0.02
44322,0.018
44366,0.046
44377,0.02
44388,0.018
44421,0.02
44432,0.018
44505,0.019
44527,0.018
45970,0.019
47410,0.018
48853,0.019
50296,0.018
51569,0.019
51575,0.018
51581,0.019
51587,0.018
51593,0.019
52108,0.018
52114,0.019
52120,0.018
52126,0.019
52138,0.018
52144,0.019
52178,0.02
52187,0.046
52193,0.02
52199,0.018
52205,0.025
52211,0.018
52217,0.046
52223,0.085
52229,0.046
52235,0.018
52241,0.046
52247,0.018
52286,0.046
52292,0.05
52301,0.054
52307,0.11
52313,0.17
52320,1.61
52326,0.1
52338,0.2
52344,0.684
52350,1.61
52359,0.046
52365,0.018
52371,0.046
52377,0.018
52383,0.046
52389,0.019
52417,0.046
52423,0.018
52472,0.02
52478,0.018
52508,0.019
52515,0.018
53957,0.019
55399,0.018
56841,0.019
58281,0.018
59722,0.018
61162,0.018
62603,0.046
64044,0.145
65304,0.5
65329,0.342
65337,0.2
65353,0.05
65373,0.046
65381,0.018
65434,0.019
65534,0.018
65550,0.046
65558,0.145
65595,0.046
65707,0.1
65788,0.171
65816,2
65828,0.046
65840,0.138
65901,0.2
65946,0.1
65954,0.2
65990,2
66015,0.2
66031,2
66039,0.2
66052,0.342
66077,2
66097,0.2
66221,0.046
66234,2
66246,0.018
66267,0.046
66285,0.018
66310,0.046
66318,0.018
66327,0.046
66347,0.019
66356,0.018
66368,0.019
66380,0.018
66389,0.046
66414,0.018
66423,0.046
66460,0.018
66510,0.28
66543,2
66577,0.018
66585,0.054
66593,0.145
66605,0.046
66630,0.018
66680,0.019
66689,0.145
66722,0.181
66747,2
66768,0.725
66777,0.018
66876,0.019
66905,0.018
66913,0.019
66959,0.018
66984,0.019
66993,0.018
67014,0.019
67043,0.018
67056,0.046
67086,0.045
67158,0.018
67189,0.046
67214,0.018
67223,0.046
67265,0.02
67295,0.046
67303,0.018
67312,0.046
67321,0.018
67342,0.046
67355,0.018
67363,0.046
67406,0.018
67432,0.019
67459,0.018
67468,0.046
67477,0.018
67583,0.046
67649,0.018
67658,0.046
67684,0.02
67697,0.018
67710,0.02
67728,0.018
67736,0.02
67745,0.018
67771,0.165
67780,2
67793,0.2
67802,2
67811,0.684
67828,0.5
67889,0.58
67902,2
67954,0.2
67967,0.14
67994,0.11
68007,0.018
68037,0.02
68050,0.018
68130,0.0191
68139,0.018
68147,0.0191
68169,0.11
68186,0.05
68199,0.145
68217,0.018
68230,0.0191
68265,0.11
68287,0.05
68304,0.018
68326,0.045
68404,0.2
68417,0.02
68475,0.018
68488,0.145
68510,0.018
68519,2
68572,0.018
68581,2
68643,0.342
68673,0.145
68682,0.13
68731,0.02
68749,0.018
68762,0.02
68771,0.018
68838,0.02
68883,0.018
68896,0.02
68932,0.018
68946,0.02
68977,0.018
68991,0.145
69032,0.018
69041,0.02
69204,0.018
69214,0.02
69231,0.018
69249,0.02
69272,0.11
69281,0.02
69318,0.018
69327,0.11
69368,0.02
69377,0.018
69386,0.02
69395,0.018
69548,0.02
69561,0.018
69911,0.02
69930,0.018
69967,0.02
69985,0.018
70013,0.02
70022,0.018
70059,0.018
70115,0.018
70133,0.019
70147,0.018
70174,0.019
70215,0.018
70992,0.019
71002,0.018
71030,0.019
71040,0.018
71284,0.019
71293,0.018
71303,0.019
71313,0.018
71322,0.019
71332,0.018
71341,0.019
71371,0.018
71385,0.019
71395,0.018
71409,0.019
71419,0.018
71429,0.019
71453,0.018
71463,0.019
71473,0.018
71759,0.019
71769,0.018
71779,0.019
71789,0.018
71799,0.019
71808,0.018
72679,0.019
72689,0.018
72722,0.019
72741,0.018
72751,0.019
72765,0.018
72800,0.019
72809,0.018
73630,0.019
73654,0.018
73664,0.019
73673,0.018
73717,0.019
73736,0.018
73746,0.019
73756,0.018
73780,0.019
73795,0.018
73824,0.019
73834,0.018
73859,0.019
73869,0.018
73878,0.019
73888,0.018
73898,0.019
73913,0.018
73928,0.054
73938,0.018
74260,0.019
74265,0.018
74281,0.046
74291,0.019
74301,0.018
74326,0.019
74362,0.018
74397,0.019
74432,0.018
74458,0.019
74468,0.018
74473,0.019
74488,0.018
74570,0.02
74580,0.019
74595,0.018
74611,0.03
74616,0.018
74621,0.019
74637,0.018
74642,0.019
74652,0.018
74965,0.019
74981,0.018
74986,0.025
74991,0.03
74997,0.018
75002,0.019
75013,0.03
75038,0.018
75044,0.019
75049,0.018
75059,0.019
75075,0.018
75085,0.02
75091,0.03
75096,0.025
75106,0.018
75117,0.019
75122,0.018
75282,0.019
75309,0.018
75330,0.019
75335,0.021
75340,0.018
75468,0.02
75473,0.019
75483,0.021
75494,0.018
75509,0.019
75515,0.021
75520,0.018
75530,0.021
75536,0.018
75541,0.019
75557,0.018
75627,0.019
75637,0.018
75658,0.019
75706,0.018
75764,0.019
75775,0.018
75786,0.019
75807,0.018
75843,0.019
75900,0.018
75905,0.019
75937,0.018
75942,0.019
75948,0.018
75974,0.019
76005,0.018
76021,0.019
76027,0.018
76074,0.019
76095,0.018
76100,0.019
76111,0.018
76127,0.02
76132,0.021
76137,0.018
76270,0.03
76276,0.018
76292,0.03
76297,0.018
76341,0.019
76346,0.018
76373,0.019
76405,0.018
76415,0.019
76453,0.035
76459,0.018
76480,0.035
76485,0.018
76799,0.02
76804,0.03
76815,0.018
76958,0.021
76964,0.025
76969,0.018
78413,0.018
79854,0.018
80624,0.025
80630,0.03
80638,0.019
80721,0.03
80727,0.018
80733,0.05
80739,0.018
80775,0.019
80853,0.018
80859,0.019
80908,0.018
81041,0.019
81050,0.018
81059,0.019
81100,0.018
81147,0.019
81170,0.018
81240,0.019
81263,0.018
81283,0.019
81313,0.018
81320,0.019
81333,0.018
81360,0.019
81367,0.018
81390,0.019
81418,0.018
81424,0.019
81475,0.018
82917,0.018
84358,0.018
85799,0.018
87240,0.018
88680,0.018
97443,0.018
97705,0.019
97727,0.018
97765,0.019
97795,0.018
97813,0.019
97821,0.018
97830,0.019
97839,0.018
97847,0.019
97861,0.018
97900,0.019
97913,0.018
97922,0.019
97930,0.018
97944,0.019
97961,0.018
98027,0.019
98035,0.018
98048,0.019
98066,0.018
98083,0.019
98092,0.018
98101,0.019
98127,0.02
98136,0.018
98153,0.019
98180,0.018
98197,0.019
98219,0.018
98227,0.019
98240,0.018
98253,0.019
98262,0.018
99704,0.018
100546,0.019
100555,0.018
100564,0.019
100574,0.018
100672,0.019
100696,0.018
100705,0.019
100714,0.018
100738,0.019
100752,0.018
100833,0.019
100843,0.018
100852,0.019
100862,0.018
100876,0.019
100886,0.018
100895,0.019
100909,0.018
100952,0.019
100990,0.018
101037,0.019
101066,0.018
101075,0.019
101108,0.018
101146,0.019
101160,0.018
101169,0.019
101179,0.018
101208,0.019
101217,0.018
101232,0.019
101241,0.018
101251,0.019
101265,0.018
101275,0.019
101284,0.018
101416,0.019
101425,0.018
101500,0.019
101514,0.018
101533,0.019
101547,0.018
101562,0.019
101654,0.018
101659,0.019
101684,0.018
101724,0.019
101754,0.018
101764,0.019
101809,0.018
102191,0.019
102200,0.018
102210,0.019
102220,0.018
102234,0.019
102244,0.018
102554,0.019
102564,0.018
102830,0.019
102839,0.018
102882,0.019
102916,0.018
102925,0.019
102930,0.018
102968,0.019
102992,0.018
103080,0.019
103147,0.018
103204,0.019
103214,0.018
103286,0.019
103329,0.018
103513,0.019
103523,0.018
103547,0.019
103567,0.018
103591,0.019
103616,0.018
103670,0.019
103680,0.018
103694,0.019
103753,0.018
103883,0.019
103892,0.018
103902,0.019
103912,0.018
104398,0.019
104413,0.018
104529,0.019
104540,0.018
104550,0.019
104570,0.018
104580,0.019
104605,0.018
104635,0.019
104640,0.018
104776,0.019
104791,0.018
104801,0.019
104811,0.018
104836,0.019
104841,0.018
104861,0.019
104872,0.018
104888,0.019
104929,0.018
104939,0.019
104944,0.018
104954,0.019
104965,0.018
104975,0.02
104980,0.018
105016,0.019
105036,0.018
105047,0.019
105073,0.021
105078,0.02
105083,0.021
105099,0.018
105109,0.019
105130,0.021
105135,0.018
105140,0.019
105146,0.018
105161,0.019
105177,0.018
105182,0.019
105198,0.018
105209,0.019
105240,0.018
106684,0.018
107097,0.019
107107,0.018
107145,0.019
107188,0.018
107252,0.019
107263,0.018
108705,0.018
110146,0.018
111590,0.018
113034,0.018
114477,0.018
115313,0.019
115326,0.018
115351,0.019
115357,0.018
116810,0.018
116967,0.02
116977,0.021
116987,0.018
116997,0.021
117004,0.018
117014,0.021
117023,0.018
117040,0.021
117064,0.018
117070,0.021
117097,0.018
117111,0.019
117121,0.018
117151,0.02
117161,0.021
117168,0.018
117175,0.021
117191,0.025
117211,0.03
117269,0.045
117276,0.05
117296,0.018
117351,0.05
117368,0.054
117395,0.018
117402,0.054
117413,0.05
117420,0.054
117447,0.018
117523,0.03
117530,0.04
117551,0.05
117558,0.052
117565,0.018
117575,0.054
117589,0.018
117612,0.023
117619,0.018
117733,0.019
117740,0.025
117754,0.018
117792,0.03
117813,0.018
117820,0.019
117834,0.018
117855,0.019
117862,0.018
117869,0.019
117883,0.018
117890,0.019
117904,0.018
117914,0.019
117925,0.02
117932,0.018
117953,0.019
117960,0.018
117967,0.019
117985,0.018
117992,0.019
118003,0.018
118028,0.019
118042,0.018
118067,0.019
118103,0.018
118150,0.019
118160,0.018
118314,0.05
118347,0.018
118354,0.05
118386,0.018
118397,0.019
118462,0.018
118480,0.05
118487,0.019
118498,0.018
118508,0.019
118515,0.018
118534,0.019
118541,0.018
119748,0.085
119760,0.019
119767,0.018
119774,0.019
119800,0.018
119811,0.019
119822,0.018
119844,0.019
119851,0.018
119874,0.019
119906,0.018
119958,0.019
119969,0.018
119980,0.019
119991,0.018
120013,0.019
120020,0.018
120027,0.019
120042,0.018
120050,0.019
120064,0.018
120123,0.019
120130,0.018
120138,0.019
120156,0.018
120163,0.019
120171,0.018
120204,0.019
120216,0.018
120271,0.019
120278,0.018
120442,0.019
120488,0.018
120759,0.019
120786,0.018
120793,0.019
120824,0.018
120991,0.019
121021,0.018
122463,0.018
123903,0.018
125347,0.018
126787,0.018
128231,0.018
129674,0.018
131119,0.018
132561,0.018
133048,0.019
133055,0.018
133061,0.019
133068,0.018
133075,0.019
133084,0.018
133104,0.019
133110,0.018
133117,0.019
133126,0.018
133136,0.019
133146,0.018
133156,0.019
133163,0.018
133185,0.019
133198,0.018
133270,0.019
133277,0.018
133284,0.019
133290,0.018
133303,0.019
133310,0.018
134125,0.019
134132,0.018
134138,0.019
134151,0.018
134164,0.019
134197,0.018
134203,0.019
134220,0.018
134226,0.019
134233,0.018
134246,0.019
134253,0.018
134263,0.019
134272,0.018
134282,0.019
134292,0.018
134298,0.019
134305,0.018
134324,0.019
134331,0.018
134338,0.019
134347,0.018
134360,0.019
134367,0.018
134373,0.019
134383,0.018
134400,0.019
134410,0.018
134416,0.019
134429,0.018
134436,0.019
134446,0.018
134459,0.019
134465,0.018
134472,0.019
134479,0.018
134485,0.019
134492,0.018
134502,0.019
134508,0.018
134518,0.019
134538,0.018
134558,0.019
134565,0.018
134796,0.019
134819,0.018
134916,0.019
134929,0.018
134936,0.019
134943,0.018
134966,0.019
134976,0.018
135331,0.019
135436,0.018
135453,0.019
135463,0.018
135483,0.019
135490,0.018
135614,0.019
135621,0.018
135628,0.019
135638,0.018
135648,0.019
135655,0.018
135768,0.019
135775,0.018
135782,0.019
135789,0.018
136772,0.019
136793,0.018
136803,0.019
136817,0.018
136842,0.019
136849,0.018
136863,0.019
136877,0.018
136951,0.019
136962,0.018
136972,0.019
137020,0.018
137111,0.019
137118,0.018
137139,0.019
137153,0.018
137163,0.019
137175,0.018
137181,0.019
137192,0.018
137352,0.019
137359,0.018
137373,0.019
137380,0.018
137391,0.019
137405,0.018
137423,0.019
137430,0.018
137437,0.019
137447,0.018
137540,0.019
137548,0.018
137560,0.019
137571,0.018
137579,0.019
137587,0.018
138186,0.02
138194,0.018
138223,0.02
138231,0.018
138238,0.02
138254,0.023
138262,0.018
138278,0.03
138290,0.031
138298,0.018
138306,0.045
138314,0.018
138347,0.02
138374,0.018
138382,0.02
138410,0.018
138442,0.03
138462,0.018
138490,0.02
138498,0.018
138518,0.02
138533,0.018
138549,0.02
138565,0.018
138577,0.02
138597,0.018
138650,0.025
138674,0.018
138744,0.02
138752,0.018
138778,0.02
138803,0.018
138810,0.02
138871,0.018
138956,0.02
138968,0.018
138993,0.02
139015,0.018
139188,0.02
139203,0.018
139226,0.02
139303,0.018
139330,0.02
139402,0.018
139469,0.02
139493,0.018
139524,0.02
139540,0.018
139555,0.019
139616,0.018
139623,0.019
139631,0.018
139651,0.019
139658,0.018
139674,0.019
139715,0.018
139724,0.019
139785,0.018
139800,0.019
139808,0.018
139866,0.019
139878,0.018
139897,0.019
139917,0.018
139961,0.019
139969,0.018
139977,0.019
140002,0.018
140084,0.019
140107,0.018
140133,0.019
140141,0.018
140169,0.019
140201,0.018
140209,0.019
140236,0.018
140255,0.019
140263,0.018
140271,0.019
140291,0.018
140303,0.019
140356,0.018
140383,0.019
140411,0.018
140419,0.019
140439,0.018
140467,0.019
140494,0.018
140502,0.019
140518,0.018
140589,0.019
140597,0.018
140650,0.019
140674,0.018
140767,0.019
140783,0.018
140796,0.019
140804,0.018
140812,0.019
140840,0.018
140856,0.019
140876,0.018
140907,0.019
140914,0.018
140962,0.019
140982,0.018
140990,0.019
140997,0.018
141006,0.019
141017,0.018
141025,0.019
141041,0.018
141052,0.019
141059,0.018
141071,0.019
141080,0.018
141529,0.019
141542,0.018
141555,0.019
141578,0.018
141610,0.019
141690,0.018
141698,0.019
141727,0.018
141744,0.019
141756,0.018
141790,0.019
141811,0.018
141845,0.019
141873,0.018
141880,0.019
141888,0.018
141897,0.019
141905,0.018
141960,0.019
141989,0.018
142039,0.019
142046,0.018
142055,0.019
142071,0.018
142096,0.019
142104,0.018
142127,0.019
142170,0.018
142178,0.019
142185,0.018
142232,0.019
142252,0.018
142273,0.019
142281,0.018
142305,0.019
142327,0.018
142367,0.019
142379,0.018
142764,0.019
142773,0.018
143002,0.019
143023,0.018
143032,0.019
143041,0.018
143054,0.019
143063,0.018
143070,0.019
143103,0.018
143111,0.019
143169,0.018
143193,0.019
143216,0.018
143225,0.019
143247,0.018
143350,0.019
143358,0.018
143382,0.019
143415,0.018
143516,0.019
143540,0.018
143552,0.019
143686,0.018
143887,0.019
143896,0.018
143906,0.019
143944,0.018
143995,0.019
144003,0.018
144071,0.019
144145,0.018
144170,0.019
144378,0.018
144387,0.019
144427,0.018
144445,0.019
144507,0.018
144544,0.019
144566,0.018
144575,0.019
144598,0.018
144629,0.019
144688,0.018
144783,0.019
144806,0.018
144845,0.019
144862,0.018
144875,0.019
144885,0.018
145148,0.019
145172,0.018
145191,0.019
145205,0.018
145218,0.019
145237,0.018
145326,0.019
145331,0.018
145384,0.019
145407,0.018
145438,0.019
145446,0.018
145469,0.019
145483,0.018
145561,0.019
145581,0.018
145589,0.019
145654,0.018
145766,0.019
145805,0.018
145814,0.019
145898,0.018
145908,0.019
145917,0.018
145927,0.019
145936,0.018
145975,0.019
146006,0.018
146052,0.019
146159,0.018
146169,0.019
146241,0.018
146261,0.019
146294,0.018
146300,0.019
146317,0.018
146382,0.019
146443,0.018
146454,0.019
146460,0.018
146475,0.019
146486,0.018
146496,0.019
146501,0.018
146552,0.019
146576,0.018
146596,0.019
146609,0.018
146677,0.019
146686,0.018
146770,0.019
146790,0.018
146830,0.019
146836,0.018
146846,0.019
146860,0.018
146880,0.019
146890,0.018
146919,0.019
146929,0.018
146947,0.019
146953,0.018
146964,0.019
146970,0.018
147079,0.054
147093,0.019
147098,0.018
147219,0.019
147229,0.018
147240,0.019
147250,0.018
147293,0.019
147309,0.018
147325,0.019
147393,0.018
147412,0.019
147426,0.018
147437,0.019
147458,0.018
147464,0.019
147482,0.018
147543,0.019
147573,0.018
147603,0.019
147628,0.018
147643,0.019
147657,0.018
147672,0.019
147682,0.018
148191,0.019
148201,0.018
148242,0.019
148265,0.018
148295,0.019
148305,0.018
148315,0.019
148321,0.018
148327,0.019
148337,0.018
148348,0.019
148357,0.018
148489,0.019
148519,0.018
148548,0.019
148562,0.018
148830,0.02
148838,0.022
148849,0.018
148867,0.021
148874,0.03
148882,0.018
148893,0.021
148904,0.018
148918,0.03
148926,0.1
148933,0.03
148991,0.018
149006,0.03
149021,0.018
149028,0.03
149042,0.018
149057,0.03
149072,0.018
149079,0.03
149101,0.018
149149,0.025
149157,0.018
149450,0.03
149507,0.018
149578,0.019
149585,0.018
149593,0.019
149604,0.018
149728,0.019
149740,0.018
151180,0.018
151184,0.019
151191,0.018
151198,0.019
151206,0.018
151253,0.019
151264,0.018
151271,0.019
151316,0.018
151334,0.019
151341,0.018
151356,0.019
151367,0.018
151390,0.019
151400,0.018
151411,0.019
151418,0.018
151491,0.019
151499,0.018
151506,0.019
151514,0.018
151795,0.145
151806,0.018
151825,0.021
151832,0.018
151854,0.02
151865,0.018
151895,0.02
151903,0.018
151958,0.02
151965,0.018
152436,0.02
152443,0.018
152450,0.02
152461,0.018
152469,0.02
152476,0.018
152506,0.02
152521,0.018
152536,0.02
152544,0.018
152551,0.02
152558,0.018
152581,0.02
152595,0.018
152623,0.02
152642,0.018
152649,0.02
152657,0.018
152668,0.02
152675,0.018
152682,0.02
152697,0.018
152705,0.02
152712,0.018
152771,0.02
152786,0.018
152804,0.02
152826,0.018
152863,0.02
152893,0.018
152926,0.02
152933,0.018
152944,0.019
152963,0.018
152981,0.019
153008,0.018
153015,0.019
153026,0.018
153041,0.019
153048,0.018
153066,0.019
153132,0.018
153140,0.02
153147,0.018
153162,0.02
153173,0.018
153188,0.02
153195,0.018
153203,0.02
153239,0.018
153246,0.02
153254,0.018
153261,0.02
153291,0.018
153302,0.02
153309,0.018
153387,0.02
153436,0.018
153443,0.02
153462,0.018
153489,0.02
153500,0.018
153511,0.02
153519,0.018
153541,0.02
153556,0.018
153563,0.02
153585,0.018
153604,0.02
153637,0.018
153689,0.02
153696,0.018
153771,0.02
153796,0.018
153804,0.02
153811,0.018
153826,0.02
153856,0.018
153922,0.02
153964,0.018
153975,0.02
154028,0.018
154058,0.02
154066,0.03
154077,0.018
154085,0.03
154092,0.018
154122,0.027
154163,0.018
154171,0.03
154283,0.018
154305,0.03
154339,0.018
154395,0.028
154402,0.018
154749,0.03
154803,0.018
154811,0.03
154857,0.018
154909,0.03
154923,0.018
154938,0.03
154952,0.018
154963,0.03
154981,0.018
154998,0.03
155009,0.018
155027,0.03
155035,0.018
155491,0.019
155502,0.018
156138,0.019
156157,0.018
156168,0.019
156180,0.018
156191,0.019
156199,0.018
156230,0.019
156237,0.018
156260,0.019
156288,0.018
156295,0.019
156315,0.018
156323,0.019
156335,0.018
157131,0.019
157152,0.018
157165,0.019
157173,0.018
157189,0.019
157201,0.018
157210,0.019
157234,0.018
157272,0.019
157281,0.018
157293,0.019
157319,0.018
157327,0.019
157336,0.018
157345,0.019
157357,0.018
157365,0.019
157373,0.018
157388,0.019
157400,0.018
157417,0.019
157433,0.018
157461,0.145
157469,0.021
157477,0.018
157486,0.021
157494,0.018
157502,0.021
157523,0.018
157552,0.021
157561,0.018
157630,0.021
157639,0.018
157661,0.021
157685,0.018
157740,0.021
157769,0.02
157782,0.018
157827,0.02
157835,0.021
157853,0.018
157866,0.021
157889,0.018
157897,0.021
157958,0.018
158048,0.021
158074,0.018
158091,0.021
158105,0.018
159549,0.018
160994,0.018
161330,0.019
161345,0.018
161359,0.019
161385,0.018
161400,0.019
161410,0.018
161425,0.019
161434,0.018
161445,0.019
161454,0.018
161459,0.019
161478,0.018
161487,0.019
161497,0.018
161502,0.019
161509,0.018
161524,0.019
161530,0.018
161550,0.019
161561,0.018
161573,0.019
161580,0.018
161610,0.019
161617,0.018
161696,0.019
161715,0.018
161769,0.019
161830,0.018
161869,0.019
161876,0.018
161888,0.019
161896,0.018
161907,0.019
161919,0.018
161949,0.019
161957,0.018
161977,0.02
161984,0.018
162011,0.02
162031,0.018
162085,0.02
162186,0.018
162209,0.02
162217,0.018
162271,0.02
162279,0.018
162342,0.02
162350,0.018
162401,0.02
162421,0.018
162432,0.02
162484,0.018
162491,0.02
162503,0.018
162548,0.02
162559,0.018
162579,0.02
162587,0.018
162595,0.02
162615,0.018
162631,0.02
162638,0.018
162646,0.02
162682,0.018
162738,0.02
162746,0.018
162988,0.02
163000,0.018
163012,0.02
163024,0.018
163036,0.02
163067,0.018
163095,0.02
163107,0.018
163123,0.02
163150,0.018
163178,0.02
163229,0.018
163280,0.02
163288,0.018
163300,0.02
163312,0.018
163363,0.02
163466,0.018
164080,0.02
164088,0.018
164141,0.02
164170,0.018
164202,0.02
164211,0.018
164389,0.02
164409,0.018
164535,0.02
164547,0.018
164604,0.02
164620,0.018
164762,0.02
164770,0.018
164811,0.02
164819,0.018
164851,0.02
164880,0.018
164908,0.02
164933,0.018
164941,0.02
164965,0.018
165120,0.02
165190,0.018
165227,0.02
165321,0.018
166085,0.03
166092,0.018
166100,0.085
166107,0.068
166115,0.1
166123,0.06
166130,0.068
166138,0.035
166145,0.021
166172,0.018
166206,0.021
166236,0.018
166247,0.021
166259,0.018
166285,0.021
166371,0.018
166398,0.021
166413,0.018
166788,0.02
166796,0.018
168236,0.018
169677,0.018
170420,0.08
170428,0.03
170437,0.08
170445,0.06
170454,0.03
170483,0.018
170496,0.03
170504,0.018
171817,0.145
171887,0.018
171895,0.054
171904,0.03
171914,0.018
173357,0.018
173862,0.019
173871,0.018
174726,0.068
174734,0.018
174744,0.145
174782,0.018
175983,0.03
175989,0.054
176006,0.018
176165,0.021
176170,0.018
177613,0.018
177620,0.023
177627,0.018
179069,0.018
179546,0.019
179553,0.018
179601,0.019
179627,0.018
179645,0.019
179676,0.018
179690,0.019
179701,0.018
179713,0.019
179724,0.018
179731,0.019
179739,0.018
179747,0.019
179758,0.018
179791,0.019
179802,0.018
179821,0.019
179832,0.018
179847,0.019
179855,0.018
179866,0.019
179874,0.018
179881,0.019
179896,0.018
179923,0.03
179930,0.018
179938,0.02
179945,0.018
179964,0.02
179976,0.019
179983,0.018
180006,0.019
180037,0.018
180048,0.019
180056,0.018
180068,0.019
180079,0.018
180087,0.019
180102,0.018
180117,0.019
180129,0.018
180144,0.019
180155,0.018
180162,0.019
180178,0.018
180224,0.019
180240,0.018
180255,0.019
180266,0.018
180274,0.019
180308,0.018
180563,0.019
180589,0.018
180601,0.019
180612,0.018
180646,0.019
180654,0.018
180677,0.019
180684,0.018
180699,0.019
180722,0.018
181947,0.03
181955,0.145
181967,0.13
181979,0.145
181990,0.13
181998,0.05
182009,0.08
182017,0.068
182028,0.018
182036,0.05
182044,0.145
182052,0.068
182059,0.145
182067,0.13
182074,0.145
182082,0.018
183582,0.018
183709,0.019
183717,0.018
184112,0.019
184121,0.018
184136,0.019
184155,0.018
184163,0.019
184275,0.018
184291,0.019
184299,0.018
184330,0.019
184346,0.018
184353,0.019
184373,0.018
184395,0.019
184442,0.018
184450,0.019
184465,0.018
184633,0.019
184641,0.018
184676,0.019
184684,0.018
184704,0.019
184719,0.018
184754,0.019
184786,0.018
184810,0.019
184849,0.018
184866,0.019
184924,0.018
184940,0.019
184972,0.018
185022,0.019
185067,0.018
185075,0.019
185091,0.018
185104,0.019
185112,0.018
185139,0.019
185168,0.018
185197,0.019
185242,0.018
185275,0.019
185308,0.018
185316,0.019
185334,0.018
185342,0.019
185410,0.018
185478,0.019
185487,0.018
186155,0.019
186164,0.018
186432,0.019
186442,0.018
186464,0.019
186515,0.018
186528,0.019
186537,0.018
186545,0.019
186554,0.018
186624,0.019
186633,0.018
186727,0.019
186736,0.018
188178,0.018
189338,0.02
189347,0.018
189418,0.02
189429,0.018
189442,0.02
189503,0.018
189529,0.02
189573,0.018
189596,0.02
189606,0.018
189612,0.02
189645,0.018
189689,0.02
189702,0.018
189708,0.02
189724,0.018
189730,0.02
189754,0.018
189800,0.02
189845,0.018
189868,0.02
189882,0.018
189892,0.02
189897,0.018
189931,0.02
189940,0.018
189957,0.02
189963,0.018
189968,0.02
189996,0.018
190007,0.019
190017,0.018
190022,0.019
190033,0.018
190043,0.019
190054,0.018
190064,0.019
190080,0.018
190100,0.019
190138,0.018
190153,0.019
190158,0.018
190168,0.019
190178,0.018
190263,0.019
190303,0.018
190313,0.019
190352,0.018
190430,0.019
190440,0.018
190626,0.085
190637,0.06
190647,0.068
190653,0.085
190658,0.018
190664,0.068
190674,0.05
190680,0.018
190706,0.045
190715,0.018
190743,0.045
190758,0.018
190768,0.045
190777,0.018
190802,0.037
190813,0.018
190886,0.037
190897,0.018
190922,0.037
190965,0.018
190998,0.037
191003,0.018
191075,0.037
191085,0.018
191095,0.037
191129,0.018
191156,0.037
191162,0.018
191177,0.03
191201,0.018
191256,0.03
191261,0.018
191288,0.03
191300,0.018
191311,0.03
191317,0.018
191323,0.019
191339,0.018
191360,0.019
191381,0.018
191393,0.019
191399,0.018
191410,0.019
191424,0.045
191430,0.085
191451,0.068
191462,0.018
191468,0.023
191473,0.05
191483,0.068
191494,0.019
191508,0.145
191534,0.15
191540,0.145
191550,0.018
191560,0.145
191570,0.054
191576,0.03
191581,0.085
191606,0.05
191623,0.085
191639,0.018
191651,0.085
191667,0.018
191677,0.085
191700,0.018
192077,0.02
192084,0.085
192091,0.145
192314,0.05
192321,0.018
192651,0.02
192662,0.018
192673,0.02
192687,0.018
192694,0.02
192701,0.018
192716,0.02
192723,0.018
192843,0.02
192850,0.018
192865,0.02
192872,0.018
192879,0.02
192890,0.018
192898,0.02
192912,0.018
192920,0.02
192930,0.018
192952,0.02
192967,0.018
192977,0.02
192988,0.018
193007,0.02
193014,0.018
193022,0.02
193029,0.018
193044,0.02
193051,0.018
193058,0.02
193069,0.018
193080,0.02
193087,0.018
193128,0.02
193135,0.018
193157,0.02
193164,0.018
193171,0.02
193182,0.018
193189,0.02
193197,0.018
193204,0.02
193211,0.018
193237,0.02
193266,0.018
193273,0.02
193280,0.018
193291,0.02
193299,0.018
193317,0.02
193328,0.018
193342,0.02
193353,0.018
193382,0.02
193393,0.018
193407,0.02
193414,0.018
193429,0.02
193436,0.018
193699,0.02
193717,0.018
193728,0.02
193739,0.018
193750,0.02
193772,0.018
195213,0.018
195902,0.02
195918,0.018
195929,0.02
195952,0.018
195976,0.02
195984,0.018
195991,0.03
195999,0.054
196007,0.085
196014,0.11
196022,0.145
196030,0.17
196061,0.145
196069,0.17
196103,0.2
196115,0.05
196123,0.23
196130,0.165
196138,0.145
196149,0.165
196157,0.17
196164,0.21
196176,0.33
196183,0.25
196191,0.23
196198,0.725
196206,0.75
196244,0.684
196251,0.21
196259,0.2
196267,0.213
196274,0.342
196282,0.684
196320,0.21
196328,0.684
196336,0.21
196343,0.684
196374,0.4
196381,0.684
196431,0.202
196442,0.21
196449,0.2
196461,0.21
196468,0.2
196476,0.145
196483,0.13
196491,0.018
196528,0.02
196567,0.018
196574,0.02
196590,0.018
196635,0.02
196658,0.018
196707,0.13
196715,0.165
196723,0.21
196730,0.02
196742,0.018
196757,0.04
196764,0.145
196772,0.2
196780,0.04
196806,0.165
196814,0.04
196826,0.11
196833,0.145
196841,0.04
196848,0.018
196876,0.02
196883,0.018
196891,0.02
196906,0.018
196952,0.02
196960,0.018
196969,0.02
196980,0.018
197004,0.02
197029,0.018
197038,0.03
197050,0.018
197062,0.02
197074,0.145
197087,0.05
197095,0.145
197103,0.15
197112,0.342
197128,0.21
197136,0.23
197144,0.342
197279,0.23
197331,0.202
197339,0.225
197351,0.181
197359,0.23
197585,0.21
197598,0.2
197606,0.21
197614,0.202
197622,0.21
197639,0.23
197647,0.2
197664,0.202
197672,0.23
197684,0.21
197712,0.202
197720,0.165
197728,0.13
197737,0.125
197745,0.04
197753,0.125
197761,0.13
197769,0.145
197789,0.04
197809,0.023
197817,0.018
197825,0.04
197833,0.069
197841,0.145
197854,0.023
197870,0.037
197878,0.023
197999,0.018
198007,0.023
198019,0.04
198027,0.018
198071,0.04
198087,0.018
198095,0.04
198108,0.018
198116,0.045
198129,0.018
198142,0.125
198150,0.2
198159,0.25
198180,0.21
198188,0.202
198196,0.04
198209,0.02
198255,0.018
198280,0.02
198297,0.018
198355,0.02
198363,0.018
198391,0.02
198405,0.018
198418,0.02
198443,0.04
198451,0.02
198511,0.018
198523,0.11
198531,0.13
198540,0.145
198548,0.21
198556,0.684
198564,1
198606,0.171
198614,0.06
198624,0.125
198632,0.2
198641,1
198650,0.5
198658,1
198676,0.04
198689,0.23
198707,0.25
198738,0.23
198804,0.25
198813,0.23
198822,0.25
198832,0.23
198852,0.25
198862,0.23
198877,0.25
198892,0.23
198912,0.202
198921,0.23
198930,0.25
198936,0.23
198945,0.171
198951,0.23
198970,0.21
198993,0.2
199016,0.202
199039,0.2
199048,0.202
199089,0.21
199098,1
199111,0.23
199120,1
199138,0.2
199147,1
199161,2.12
199296,0.2
199310,0.15111
199319,0.16
199324,0.018
199333,0.04
199362,0.037
199430,0.018
200055,0.03
200064,0.145
200074,0.435
200083,2.12
200175,2.3
200221,2
200465,0.171
200475,2
200525,0.21
200535,0.145
200544,0.12
200553,0.145
200563,0.11
200595,0.165
200600,0.018
200609,0.202
200618,0.018
200628,0.02
200641,0.018
200650,0.145
200660,0.06
200670,0.05
200766,0.018
200786,0.05
201042,0.04
201070,0.018
201159,0.037
201229,0.018
201240,0.037
201255,0.018
201281,0.037
201294,0.018
201367,0.05
201391,0.018
201434,0.05
201461,0.018
201505,0.02
201515,0.054
201520,0.171
201529,0.145
201538,0.13
201547,0.171
201556,0.018
201564,1
201574,2
201932,0.037
201955,0.018
201969,0.037
202025,2
202035,1.595
202044,2
202062,0.2
202071,0.018
202081,0.02
202086,0.165
202091,0.018
202101,0.23
202110,0.145
202120,0.02
202158,0.018
202172,0.02
202181,0.018
202190,0.02
202353,0.018
202471,0.02
202601,0.018
202619,0.02
202676,0.018
202703,0.02
202708,0.018
202812,0.02
202886,0.171
202891,0.21
202897,0.342
202902,0.018
202907,0.171
202918,0.23
202923,0.5
202929,0.684
202935,0.16
202941,0.12
202947,0.02
202953,0.018
202958,0.06
202964,0.018
202995,0.06
203001,0.05
203027,0.018
203059,0.05
203109,0.018
203170,0.05
203180,0.018
203226,0.05
203241,0.018
203251,0.05
203271,0.037
203303,0.018
203364,0.037
203370,0.018
203448,0.037
203453,0.018
203531,0.037
203552,0.018
203603,0.037
203630,0.018
203693,0.16
203699,0.145
203704,0.13
203716,0.018
203788,0.038
203798,0.018
203958,0.023
204090,0.018
204096,0.023
204107,0.018
204122,0.023
204148,0.018
204158,0.023
204243,0.018
204264,0.023
204298,0.018
204324,0.023
204351,0.018
204374,0.023
204419,0.018
204429,0.023
204434,0.018
204477,0.023
204504,0.054
204514,0.018
204565,0.054
204574,0.11
204579,0.06
204589,0.018
204597,0.054
204606,0.018
204655,2
204789,0.23
204794,0.13
204803,0.145
204813,0.2
204818,0.171
204826,0.145
204836,0.15111
204845,0.16
204854,0.145
204864,0.171
204873,2
204879,1
204888,0.25
204894,0.342
204903,2
204917,0.684
204926,1.595
204935,2
204970,1
204979,2
205007,0.684
205017,2
205036,0.23
205041,0.21
205046,0.018
205056,0.2
205065,0.171
205074,0.165
205084,0.171
205089,0.2
205095,0.171
205103,0.21
205113,2
205218,1
205223,0.018
205232,2
205282,0.25
205287,2
205293,0.13
205302,0.12
205312,0.018
205322,0.171
205327,0.13
205337,0.018
205392,0.023
205401,0.018
205481,0.023
205490,0.018
205531,0.023
205585,0.018
205595,0.03
205600,0.018
205610,0.03
205621,0.145
205631,0.018
205637,0.05
205711,0.23
205722,0.684
205727,1
205738,2
205760,0.2
205765,2
206480,0.725
206487,2
206619,0.2
206627,0.145
206634,0.171
206641,0.2
206649,2
206697,0.725
206705,2
206712,0.342
206723,0.2
206738,0.145
206746,0.018
206776,0.023
206783,0.12
206791,0.145
206799,2
206821,0.2
206829,0.342
206837,2
206852,0.202
206859,2
206875,0.2
206882,2
206894,0.725
206901,2
206909,0.23
206916,2
206924,0.342
206932,0.037
206943,0.08
206951,0.018
206981,0.05
207005,0.04
207024,0.05
207039,0.04
207047,0.018
207062,0.02
207069,0.018
207081,0.04
207097,0.05
207104,0.2
207112,0.171
207120,0.21
207128,2
207147,0.2
207155,0.018
207167,0.165
207175,2
208041,1.595
208048,0.165
208056,0.684
208064,2
208072,0.181
208079,0.2
208087,0.21
208095,0.171
208103,0.2
208114,0.165
208130,0.15
208142,0.145
208150,0.15111
208158,0.145
208174,0.13
208182,0.11
208189,0.023
208197,0.02
208205,0.11
208212,0.018
208220,0.145
208228,2
208248,0.21
208256,2
208263,0.05
208271,0.037
208404,0.018
208471,0.03
208479,0.018
208511,0.04
208524,0.018
208558,0.145
208568,2
208626,0.684
208756,1
208841,2
209385,1
209393,2
209400,0.181
209408,0.2
209416,0.145
209424,1
209431,2
209439,1.595
209450,0.145
209458,2
209473,0.5
209481,0.145
209493,0.11
209500,0.018
209519,0.02
209527,0.018
209586,0.02
209594,0.018
209652,0.02
209682,0.018
209729,0.02
209759,0.018
209775,0.02
209783,0.018
209854,0.02
209865,0.018
209912,0.02
209924,0.018
209971,0.02
209979,0.018
209988,0.11
209996,0.13
210004,0.21
210012,0.018
210020,2
210642,0.24
210648,2
210824,0.165
210832,0.145
210838,0.165
210844,0.684
210849,2
210874,1
210880,2
210891,0.684
210899,0.145
210905,0.06
210910,0.11
210916,0.018
210936,0.031
210942,0.018
210976,0.12
210982,0.031
210987,0.018
210993,0.145
211040,0.13
211045,0.145
211050,0.13
211056,0.145
211064,0.13
211069,0.018
211075,0.145
211126,0.12
211131,0.04
211137,0.018
211449,0.031
211455,0.145
211461,0.018
211483,0.031
211489,0.145
211494,0.2
211500,0.145
211505,2
211674,1
211679,0.165
211685,0.11
211691,0.018
211749,0.02
211755,0.018
211760,0.02
211769,0.018
211805,0.02
211810,0.018
211816,0.02
211821,0.018
211827,0.02
211833,0.018
211851,0.02
211856,0.018
211868,0.02
211873,0.018
211879,0.02
211885,0.018
211917,0.02
211923,0.018
211932,0.02
211937,0.018
211949,0.02
211954,0.018
211987,0.02
211998,0.05
212006,0.1
212012,0.179
212017,0.2
212022,2
212099,0.21
212105,2
212150,0.684
212156,2
212332,0.15111
212337,0.125
212343,0.12
212349,0.05
212355,0.038
212363,0.045
212369,0.031
212380,0.018
212469,0.145
212481,0.06
212487,0.145
212495,0.05
212501,0.018
212523,0.031
212529,0.018
212559,0.06
212564,0.04
212569,0.018
212903,0.05
212909,0.13
212914,0.145
212920,0.018
212943,0.038
212950,0.145
212975,0.15
212981,0.145
212987,0.038
212992,0.05
212998,0.12
213003,0.145
213012,0.12
213018,0.145
213026,0.13
213032,0.145
213040,0.12
213049,0.018
213057,0.038
213062,0.018
213068,0.05
213074,0.125
213079,0.145
213085,0.171
213094,0.2
213099,0.16
213105,0.145
213111,0.13
213117,2
213221,0.725
213228,0.13
213234,0.11
213243,0.13
213252,0.11
213257,0.13
213263,0.145
213269,0.05
213275,0.018
213281,0.02
213287,0.018
213306,0.13
213311,0.018
213317,0.13
213323,0.12
213329,0.018
213360,0.05
213365,0.054
213371,0.018
213377,0.145
213382,0.06
213388,0.13
213393,0.5
213399,1.595
213404,0.202
213410,0.145
213416,0.342
213421,0.171
213427,0.202
213436,0.2
213445,0.16
213450,0.202
213456,0.171
213463,0.16
213468,0.165
213475,0.21
213480,0.2
213486,0.21
213492,0.171
213501,1.595
213513,0.725
213518,0.21
213524,0.2
213530,0.145
213536,0.181
213543,0.21
213552,0.342
213557,1.595
213564,0.21
213569,0.2
213578,0.171
213583,0.15111
213589,0.018
213601,0.11
213606,0.13
213612,0.018
213620,0.038
213626,0.018
213631,0.125
213637,0.018
213656,0.038
213662,0.06
213667,0.145
213672,0.018
213678,0.145
213683,0.171
213689,0.038
213694,0.125
213700,0.145
213705,0.05
213711,0.018
213717,0.145
213726,0.16
213731,0.145
213736,0.165
213742,0.171
213747,0.13
213753,0.145
213763,0.11
213769,0.12
213774,0.342
213781,0.202
213786,1
213792,0.181
213799,0.21
213805,0.342
213810,0.16
213816,0.684
213822,0.16
213828,0.11
213879,0.018
213896,0.11
213902,0.12
213909,0.145
213915,0.018
213997,0.16
214003,0.04
214008,0.018
214023,0.04
214030,0.018
214036,0.04
214047,0.018
214328,0.11
214334,0.018
214339,0.05
214345,0.11
214351,0.13
214356,0.2
214362,0.145
214370,0.13
214375,0.15
214383,0.2
214388,0.684
214394,2
214844,0.5
214850,0.018
214904,0.038
214909,0.165
214916,2
214971,1.595
215120,0.684
215126,0.5
215132,0.342
215137,1.595
215142,0.684
215148,0.2
215154,0.342
215159,1.595
215165,0.684
215170,1.595
215175,0.725
215181,0.684
215186,0.21
215194,0.2
215200,0.15111
215206,0.16
215212,1.595
215233,0.21
215238,0.684
215248,0.2
215254,0.5
215259,0.171
215265,0.018
215276,0.12
215281,0.145
215287,0.21
215293,0.684
215299,1.595
215355,0.06
215361,0.018
215367,0.12
215372,0.018
215411,0.13
215416,0.145
215422,0.13
215428,0.145
215436,0.165
215442,0.04
215461,0.018
215472,0.06
215478,0.171
215487,0.2
215492,1.595
215524,0.2
215532,0.16
215538,1.595
215548,0.145
215554,1.595
215562,0.725
215567,1.595
215573,0.202
215579,0.2
215584,0.342
215590,1.595
215617,0.145
215631,0.13
215637,0.12
215642,0.145
215648,0.13
215653,0.018
215659,0.145
215665,0.06
215670,0.018
215676,0.145
215682,0.05
215688,0.13
215698,0.12
215704,0.21
215710,1.595
215809,0.684
215818,0.342
215823,1.595
216394,0.202
216403,0.165
216409,1.595
216835,0.342
216841,0.2
216847,0.145
216853,0.018
216865,0.13
216871,0.145
216877,0.018
217273,0.054
217279,0.04
217286,0.018
217295,0.04
217302,0.181
217307,1.595
217915,0.684
217923,0.2
217929,0.165
217936,0.1511
217943,0.165
217956,0.16
217965,0.145
217984,0.085
217990,0.018
218054,0.085
218059,0.13
218066,0.05
218072,0.018
218114,0.019
218120,0.018
218825,0.019
218830,0.018
218872,0.019
218879,0.018
218956,0.019
218962,0.018
219203,0.019
219208,0.018
219262,0.019
219268,0.018
219300,0.019
219306,0.018
219382,0.085
219389,0.018
219398,0.03
219404,0.018
219427,0.03
219433,0.085
219445,0.018
219457,0.12
219462,0.018
219469,0.145
219475,0.05
219482,0.026
219488,0.145
219504,0.018
219518,0.05
219525,0.018
220209,0.019
220215,0.046
220228,0.085
220234,0.145
220240,0.17
220251,0.18
220257,0.145
220263,1
220275,1.595
220298,0.145
220304,0.085
220311,0.1
220328,0.145
220347,0.1
220354,0.145
220366,0.085
220379,0.145
220392,0.085
220398,0.046
220408,0.145
220417,0.15
220423,0.171
220429,1.595
220445,0.2
220451,1.595
220460,0.046
220467,0.085
220474,0.138
220481,0.046
220487,0.085
220493,0.145
220500,0.202
220510,1.595
220516,0.085
220525,0.046
220532,0.085
220538,0.145
220551,0.085
220558,0.046
220564,0.085
220571,0.145
220580,0.15
220589,0.145
220596,0.085
220602,0.145
220608,0.05
220614,0.145
220621,0.085
220628,0.046
220640,0.085
220646,0.046
220653,0.085
220660,0.145
220669,0.085
220689,0.046
220695,0.085
220704,0.08
220711,0.05
220721,0.046
220741,0.038
220747,0.08
220770,0.085
220776,0.145
220858,0.15
220864,0.145
220871,0.15
220889,0.145
220896,0.15
220902,0.179
220908,0.145
221018,0.085
221024,0.145
221030,0.018
221036,0.08
221052,0.05
221058,0.046
221065,0.085
221083,0.08
221103,0.085
221113,0.046
221119,0.08
221131,0.085
221138,0.046
221144,0.08
221157,0.046
221202,0.018
221577,0.02
221591,0.019
221597,0.018
221606,0.019
221612,0.08
221619,0.02
221625,0.018
221632,0.085
221655,0.1
221662,0.145
221715,0.085
221721,0.1
221732,0.145
221776,0.085
221783,0.145
221808,0.15
221815,0.17
221821,0.2
221828,1
221836,0.2
221843,0.725
221848,0.145
221855,2
221868,0.684
221901,0.2
221906,0.5
221911,0.145
221917,0.684
221930,0.17
221935,0.145
221980,0.202
221988,0.684
222030,0.145
222036,0.684
222086,0.145
222091,0.17
222097,0.684
222146,0.16
222151,0.085
222157,0.02
222162,0.03
222170,0.05
222175,0.085
222180,0.145
222219,0.11
222227,0.145
222245,0.17
222250,0.145
222256,0.17
222261,0.16
222271,0.17
222276,0.2
222281,0.171
222287,0.145
222359,0.12
222365,0.145
222375,0.1
222388,0.145
222396,0.02
222401,0.036
222409,0.085
222429,0.1
222435,0.145
222473,0.1
222479,0.085
222484,0.1
222491,0.085
222497,0.1
222502,0.085
222538,0.05
222543,0.02
222588,0.025
222593,0.02
222635,0.026
222640,0.02
222690,0.018
222696,0.02
222701,0.018
222709,0.02
222714,0.018
222850,0.02
222855,0.018
222866,0.02
222871,0.018
222876,0.02
222882,0.018
223052,0.02
223060,0.018
223097,0.02
223130,0.03
223135,0.085
223141,0.02
223152,0.018
223520,0.02
223525,0.085
223531,0.117
223536,0.145
223555,0.085
223563,0.145
223579,0.085
223584,0.145
223589,0.085
223595,0.02
223603,0.018
223690,0.02
223701,0.018
223711,0.02
223717,0.054
223722,0.02
223749,0.019
223754,0.018
223759,0.02
223765,0.026
223770,0.02
223799,0.018
223804,0.02
223812,0.018
223817,0.02
223833,0.018
223841,0.02
223847,0.018
223855,0.02
223860,0.018
223900,0.02
223905,0.018
223923,0.02
223929,0.018
225162,0.02
225167,0.085
225173,0.018
225178,0.085
225192,0.13
225197,0.0189
225208,0.02
225214,0.145
225227,0.17
225233,0.145
225247,0.17
225252,0.1
225257,0.05
225263,0.145
225299,0.023
225305,0.018
225318,0.023
225326,0.018
225394,0.023
225399,0.018
225408,0.023
225413,0.018
225972,0.02
225978,0.018
226000,0.02
226005,0.018
226022,0.02
226030,0.018
226333,0.03
226338,0.068
226344,0.085
226364,0.14
226369,0.145
226381,0.09
226386,0.145
226392,0.165
226397,0.145
226406,0.165
226411,0.17
226420,0.145
226442,0.09
226447,0.046
226452,0.068
226458,0.145
226480,0.165
226488,0.09
226501,0.085
226507,0.068
226529,0.085
226540,0.068
226546,0.046
226551,0.068
226562,0.085
226578,0.112
226584,0.145
226592,0.165
226600,0.145
226622,0.17
226627,0.145
226638,0.17
226646,0.145
226668,0.134
226679,0.09
226685,0.068
226691,0.09
226699,0.05
226704,0.085
226710,0.046
226715,0.02
226721,0.046
226740,0.03
226745,0.046
226751,0.085
226756,0.09
226764,0.068
226770,0.046
226781,0.085
226786,0.068
226792,0.02
226820,0.018
227607,0.02
227619,0.018
227698,0.019
227704,0.018
227710,0.02
227716,0.03
227724,0.02
227733,0.031
227739,0.11
227748,0.145
227769,0.17
227775,0.165
227780,0.145
227786,0.165
227798,0.145
227804,0.1
227809,0.124
227815,0.145
227830,0.1
227836,0.145
227853,0.02
227859,0.08
227868,0.1
227874,0.03
227880,0.02
227886,0.03
227895,0.02
227914,0.018
227932,0.02
227941,0.018
227947,0.02
227973,0.025
227979,0.03
227984,0.018
228020,0.145
228029,0.1
228035,0.13
228041,0.14
228046,0.145
228052,0.018
228061,0.1
228067,0.145
228073,0.165
228079,0.17
228087,0.145
228093,0.019
228099,0.018
228841,0.085
228850,0.1
228864,0.145
228870,0.1
228876,0.145
228885,0.155
228894,0.145
228929,0.1
228944,0.14
228950,0.1
228959,0.08
228964,0.145
228971,0.179
228986,0.145
228992,0.171
228998,0.18
229004,0.145
229018,0.085
229024,0.1
229030,0.145
229066,0.181
229072,0.145
229078,2.67
229085,5
229114,0.5
229127,0.145
229133,0.5
229138,0.684
229157,0.5
229163,0.684
229169,0.5
229231,0.684
229272,0.5
229282,0.684
229288,0.5
229382,0.342
229388,0.29
229397,0.145
229402,0.5
229412,0.342
229418,0.202
229424,0.342
229430,0.2
229439,0.1
229445,0.085
229456,0.5
229462,0.17
229468,0.684
229506,1.595
229554,0.342
229561,1.595
229572,0.5
229581,0.2
229588,0.684
229593,0.145
229599,0.171
229605,0.145
229614,5
229620,0.17
229626,5
229637,0.725
229643,5
229648,0.684
229654,0.11
229668,0.085
229674,0.05
229680,0.085
229688,0.045
229694,0.085
229705,0.02
229711,0.085
229716,0.018
229722,0.019
229728,0.018
229768,0.025
229774,0.045
229780,0.023
229786,0.03
229792,0.085
229797,0.05
229803,0.085
229817,0.018
229826,0.02
229831,0.03
229837,0.085
229849,0.05
229854,0.085
229860,0.019
229866,0.018
229878,0.02
229884,0.019
229889,0.018
229895,0.019
229901,0.02
229910,0.018
230079,0.02
230085,0.018
230113,0.04
230119,0.085
230125,0.018
230137,0.04
230143,0.018
230219,0.085
230225,0.018
230242,0.085
230248,0.018
230260,0.085
230280,0.018
230327,0.02
230333,0.085
230368,0.1
230374,0.018
230380,0.085
230401,0.11
230406,0.03
230418,0.1
230427,0.11
230432,0.145
230445,0.17
230453,0.179
230459,0.5
230465,1.595
230519,2
230534,0.725
230723,1.595
230772,0.342
230778,1.595
230914,0.684
230919,1.595
231027,0.15111
231032,1.595
231046,0.684
231052,0.145
231058,0.342
231064,0.684
231075,0.171
231080,0.2
231089,0.145
231106,0.12
231115,0.171
231120,0.02
231143,0.145
231155,0.02
231174,0.018
231202,1.595
231287,0.725
231292,0.5
231298,0.2
231304,0.018
231309,0.02
231315,0.018
231320,0.02
231329,0.018
231570,0.1
231576,0.165
231582,0.1
231587,0.018
231593,0.1
231599,0.13
231605,1.595
231613,0.684
231619,1.595
231625,0.018
231648,0.145
231657,0.018
231723,0.054
231729,0.018
231735,0.17
231741,1.595
231912,0.018
231917,0.2
231924,1.595
232272,0.342
232278,1.595
232284,0.684
232290,0.171
232296,1.595
232313,0.171
232322,0.2
232328,1.595
232393,0.11
232425,0.085
232437,0.032
232443,0.085
232448,0.1
232454,0.085
232466,0.09
232475,0.11
232481,0.1
232487,0.085
232493,0.14
232498,0.145
232504,0.1
232516,0.11
232539,0.1
232548,0.026
232554,0.018
232560,0.032
232566,0.05
232572,0.085
232580,0.026
232586,0.018
232612,0.085
232630,0.018
233074,0.04
233080,0.054
233086,0.05
233091,0.018
233123,0.031
233128,0.018
233134,0.171
233140,0.16
233146,0.13
233154,0.145
233160,0.018
233166,0.05
233172,0.13
233177,0.145
233183,0.018
233192,0.02
233201,0.018
233213,0.684
233218,1.595
233224,0.725
233236,1
233312,0.202
233318,0.018
233344,1.595
233376,0.171
233382,0.145
233394,0.342
233403,1.595
233411,0.684
233417,0.2
233423,0.13
233428,0.018
233434,0.2
233440,0.05
233446,0.018
233452,0.171
233457,0.145
233463,0.018
233472,0.1
233478,0.018
233484,0.11
233489,1.595
233495,0.018
233501,0.054
233510,0.2
233516,1.595
233527,0.5
233533,0.018
233571,0.05
233576,0.018
233582,0.054
233588,1.595
233868,0.2
233873,1.595
235288,0.15
235296,1.595
235302,0.03
235308,0.13
235316,0.145
235328,0.15
235333,0.5
235339,1.595
235345,0.171
235350,0.342
235356,1.595
235452,0.145
235458,0.05
235463,0.12
235469,0.13
235474,0.023
235480,0.018
235491,0.342
235497,0.018
235503,1.595
235514,0.145
235526,0.13
235538,0.145
235544,0.13
235553,0.12
235558,0.145
235564,0.1
235572,0.145
235581,0.05
235587,0.018
235652,0.02
235661,0.04
235669,0.018
235684,0.2
235689,1.595
235701,0.725
235709,0.171
235715,0.1
235721,0.2
235727,1.595
235733,0.04
235739,1.595
235750,0.145
235756,0.04
235762,0.1
235767,1.595
235839,1
235844,1.595
235867,0.018
235887,1.595
236632,0.725
236637,0.342
236646,1.595
236834,0.684
236840,0.2
236846,0.13
236851,0.11
236857,0.14
236863,0.11
236868,0.018
236889,0.02
236894,0.018
236958,0.02
236963,0.018
237002,0.02
237016,0.018
237078,0.02
237089,0.145
237095,0.2
237101,1.595
237178,0.2
237184,1.595
237193,0.2
237199,1.595
237249,0.342
237255,1.595
237275,0.2
237281,0.14
237287,0.018
237296,0.11
237302,0.145
237308,0.2
237314,0.181
237322,0.11
237328,0.14
237334,0.11
237340,0.018
237361,0.171
237370,1.595
237608,0.14
237614,0.684
237620,1.595
238396,0.342
238402,0.684
238409,0.145
238415,0.11
238424,0.02
238438,0.11
238444,0.12
238450,0.02
238512,0.018
238518,0.02
238524,0.2
238530,1.595
238667,0.342
238673,0.2
238679,0.145
238688,0.165
238694,0.2
238700,1.595
238706,0.725
238712,1.595
240154,1.595
240198,0.2
240204,0.02
240297,0.14
240303,0.02
240352,0.018
240358,0.02
240526,0.018
240533,0.02
240645,0.018
240652,0.02
240736,0.018
240743,0.02
240806,0.018
240816,0.02
240934,0.018
240941,0.02
241125,0.018
241132,0.02
241143,0.018
241157,0.02
241164,0.018
241241,0.02
241274,0.018
241846,0.054
241853,0.018
241860,0.03
241868,0.085
241875,0.018
241930,0.085
241944,0.018
242031,0.085
242038,0.08
242046,0.018
242110,0.054
242121,0.085
242129,0.018
242136,0.02
242143,0.018
242151,0.02
242158,0.018
242166,0.05
242173,0.018
242180,0.085
242188,0.05
242199,0.018
243642,0.018
245084,0.018
246525,0.018
246532,0.02
246545,0.05
246553,0.021
246563,0.05
246577,0.02
246584,0.018
246871,0.019
246882,0.018
246889,0.019
246899,0.018
246966,0.019
246979,0.018
247624,0.019
247631,0.018
247694,0.019
247719,0.018
247725,0.019
247828,0.018
247835,0.019
247909,0.018
247916,0.019
247927,0.018
247934,0.019
247965,0.018
247973,0.019
248037,0.018
248047,0.019
248117,0.018
248124,0.019
248134,0.018
248140,0.019
248161,0.018
248168,0.019
248178,0.018
248185,0.019
248259,0.018
248694,0.019
248701,0.018
248708,0.019
248716,0.018
248723,0.019
248744,0.018
248772,0.019
248786,0.018
248793,0.019
248821,0.018
248970,0.019
248981,0.018
248988,0.019
249153,0.02
249181,0.021
249188,0.02
249231,0.021
249238,0.03
249246,0.085
249261,0.02
249275,0.021
249282,0.02
249304,0.08
249312,0.085
249320,0.021
249349,0.02
249356,0.085
249375,0.02
249408,0.019
249429,0.02
249437,0.085
249444,0.021
249452,0.085
249467,0.1
249474,0.019
249481,0.02
249488,0.08
249495,0.022
249502,0.085
249517,0.11
249524,0.117
249531,0.02
249538,0.018
249549,0.019
249612,0.018
249619,0.019
249673,0.018
249680,0.019
249709,0.018
249766,0.019
249787,0.018
249795,0.019
249802,0.018
249816,0.019
249823,0.018
249858,0.019
249865,0.018
249880,0.019
249887,0.018
249894,0.019
249901,0.018
249981,0.019
249988,0.018
250449,0.019
250463,0.018
250470,0.019
250487,0.02
250501,0.018
250537,0.02
250544,0.018
250713,0.02
250724,0.018
250742,0.021
250749,0.02
250759,0.018
250767,0.021
250774,0.02
250781,0.021
250788,0.03
250795,0.02
250802,0.018
250813,0.02
250825,0.085
250836,0.02
250843,0.021
250850,0.06
250857,0.063
250864,0.02
250872,0.018
250908,0.02
250915,0.085
250925,0.13
250932,0.15
250939,0.17
250953,0.45
250960,1.595
250967,0.145
250974,0.021
250985,0.02
250992,0.018
250998,0.02
251005,0.018
251043,0.02
251050,0.018
251158,0.02
251166,0.018
251223,0.02
251231,0.018
251285,0.02
251296,0.018
251909,0.02
251916,0.11
251923,0.018
251975,0.02
251986,0.019
251993,0.02
252014,0.018
252024,0.02
252097,0.145
252103,0.11
252110,0.145
252117,0.25
252124,0.171
252131,2.3
252139,0.342
252146,0.11
252156,0.145
252163,0.085
252170,0.02
252191,0.018
252205,0.02
252212,0.018
252243,0.02
252257,0.03
252264,0.037
252271,0.145
252284,0.11
252291,0.021
252302,0.02
252325,0.021
252332,0.085
252338,0.2
252348,0.04
252355,0.026
252362,0.03
252369,0.02
252382,0.018
252399,0.02
252428,0.021
252435,0.11
252445,0.02
252452,0.018
252732,0.019
252739,0.018
252745,0.019
252752,0.018
253224,0.019
253234,0.018
253244,0.019
253250,0.018
254692,0.018
256133,0.018
256625,0.03
256633,0.054
256640,0.11
256647,0.13
256655,0.145
256662,0.162
256669,0.018
257860,0.068
257871,0.05
257885,0.018
257928,0.021
257935,0.018
257942,0.046
257950,0.05
257956,0.068
257963,0.05
257971,0.068
257985,0.085
257992,0.068
258007,0.046
258042,0.068
258068,0.046
258092,0.068
258103,0.046
258110,0.05
258118,0.046
258132,0.018
258139,0.02
258146,0.018
258181,0.02
258195,0.018
258216,0.02
258223,0.018
259128,0.02
259136,0.022
259143,0.02
259150,0.018
259196,0.02
259203,0.018
259235,0.02
259242,0.018
259266,0.054
259273,0.018
259280,0.1
259291,0.11
259298,0.02
259305,0.018
259373,0.02
259380,0.05
259387,0.02
259394,0.018
259441,0.085
259448,0.018
259504,0.02
259515,0.018
260500,0.02
260507,0.018
260539,0.02
260546,0.018
260826,0.02
260833,0.018
262274,0.018
263718,0.018
265161,0.018
266180,0.019
266317,0.018
266325,0.019
266398,0.018
266406,0.019
266421,0.02
266429,0.021
266537,0.02
266549,0.021
266557,0.145
266568,0.15
266576,0.17
266584,0.2
266593,0.171
266601,0.12
266608,0.09
266616,0.08
266623,0.171
266631,0.24
266638,5
266803,0.171
266810,0.02
266825,0.08
266833,0.1
266841,0.145
266852,0.342
266860,5
266867,0.684
266875,0.09
266882,0.04
266909,0.02
266940,0.018
267029,0.02
267037,0.023
267113,0.021
267121,0.023
267140,0.021
267147,0.02
267158,0.018
267685,0.019
267700,0.02
267712,0.021
267719,0.023
267742,0.021
267754,0.023
267839,0.021
267847,0.02
267855,0.023
267998,0.025
268005,0.085
268014,0.179
268021,0.9
268029,0.025
268037,0.023
268045,0.085
268053,0.145
268061,5
268220,0.684
268227,0.29
268235,0.2
268243,5
268254,0.145
268270,0.171
268278,0.2
268289,0.29
268297,0.05
268305,0.023
268325,0.021
268332,0.023
268340,0.021
268540,0.02
268548,0.021
268571,0.018
268578,0.021
268688,0.02
268715,0.021
268789,0.018
268796,0.021
268825,0.018
268833,0.021
269012,0.02
269028,0.018
269044,0.021
269310,0.0222
269338,0.025
269350,0.023
269374,0.025
269381,0.027
269401,0.023
269421,0.027
269433,0.03
269444,0.036
269455,0.031
269463,0.036
269479,0.031
269537,0.027
269554,0.025
269562,0.023
269570,0.027
269589,0.031
269597,0.036
269605,0.085
269613,0.17
269628,0.145
269644,0.17
269657,0.181
269664,0.684
269672,5
269684,0.145
269708,0.171
269716,0.18
269724,0.09
269733,0.1
269741,0.09
269753,0.068
269772,0.051
269780,0.068
269788,0.046
269804,0.051
269864,0.046
269887,0.036
269902,0.046
269910,0.036
269918,0.031
269926,0.025
269934,0.021
269942,0.025
269949,0.021
270085,0.018
270152,0.021
270168,0.02
270179,0.018
270187,0.02
270199,0.018
270589,0.019
270597,0.018
270618,0.019
270626,0.02
270634,0.03
270646,0.031
270654,0.025
270666,0.03
270674,0.018
270681,0.031
270690,0.018
270718,0.031
270734,0.036
270742,0.046
270805,0.051
270824,0.068
270853,0.09
270860,0.08
270873,0.068
270881,0.145
270889,0.09
270905,0.112
270918,0.09
270959,0.112
271001,0.14
271009,0.145
271025,0.181
271038,0.2
271046,0.29
271054,2.5
271063,5
271188,0.725
271196,0.684
271216,5
271485,0.165
271497,0.031
271506,0.025
271514,0.023
271523,0.02
271531,0.018
271560,0.031
271573,0.023
271604,0.018
271691,0.019
271732,0.021
271793,0.02
271808,0.018
271821,0.023
271845,0.025
271853,0.031
271870,0.026
271899,0.031
271906,0.026
271914,0.023
271930,0.018
271947,0.0202
271963,0.018
271972,0.02
271980,0.023
271989,0.018
271997,0.023
272006,0.025
272039,0.031
272047,0.075
272056,0.025
272068,0.684
272089,5
272223,0.025
272231,5
272273,0.025
272286,0.145
272298,0.025
272307,5
272353,0.026
272362,5
272370,0.026
272379,5
272719,0.684
272728,0.2
272737,5
272749,0.05
272761,0.11
272770,0.06
272782,0.025
272794,0.02
272802,0.018
272894,0.02
272903,0.018
273551,0.023
273592,0.02
273600,0.023
273613,0.02
273622,0.023
273643,0.02
273651,0.023
273669,0.025
273734,0.023
273757,0.025
273790,0.023
273802,0.025
273830,0.023
274016,0.018
274024,0.023
274079,0.02
274087,0.023
274095,0.022
274158,0.023
274179,0.018
274187,0.02
274195,0.018
274356,0.019
274364,0.018
274373,0.021
274409,0.02
274422,0.018
274576,0.02
274584,0.018
274646,0.02
274654,0.021
274662,0.02
274670,0.019
274711,0.02
274739,0.019
274751,0.02
274849,0.021
275022,0.02
275030,0.021
275089,0.02
275097,0.021
275146,0.018
275154,0.022
275200,0.02
275208,0.022
275241,0.026
275249,0.022
275257,0.026
275274,0.022
275287,0.026
275295,0.022
275307,0.02
275315,0.026
275345,0.022
275354,0.018
275363,0.026
275393,0.022
275401,0.026
275409,0.03
275419,0.031
275426,0.021
275438,0.031
275453,0.022
275461,0.031
275476,0.018
275484,0.026
275492,0.031
275499,0.026
275538,0.078
275546,0.026
275570,0.022
275604,0.026
275636,0.022
275643,0.026
275667,0.018
275675,0.026
275683,0.022
275713,0.0181
275721,0.022
275809,0.02
275817,0.021
275851,0.018
275859,0.021
275917,0.018
275924,0.021
275944,0.018
275952,0.021
275959,0.02
275979,0.0181
275987,0.02
276010,0.019
276076,0.018
276114,0.019
276153,0.02
276165,0.0181
276173,0.02
276189,0.018
276200,0.02
276228,0.018
276248,0.021
276370,0.02
276378,0.022
276386,0.026
276414,0.031
276437,0.018
276445,0.031
276453,0.05
276461,0.11
276477,0.12
276484,0.145
276492,0.05
276500,0.06
276508,0.145
276516,0.162
276524,0.2
276532,0.165
276540,0.145
276548,0.21
276556,0.28
276564,0.2
276572,0.342
276580,5
277181,0.342
277189,0.2
277201,0.145
277228,0.12
277240,0.05
277252,0.022
277268,0.018
277276,0.022
277320,0.018
277328,0.022
277340,0.02
277348,0.022
277360,0.02
277368,0.021
277411,0.145
277419,5
277435,0.684
277447,0.04
277455,0.022
277463,0.04
277475,0.2
277482,5
277545,0.05
277557,0.022
277676,0.018
277683,0.021
277695,0.02
277703,0.021
277771,0.02
277787,0.021
277827,0.031
277843,0.022
277895,0.02
277903,0.021
278022,0.018
278030,0.022
278042,0.02
278054,0.022
278166,0.031
278250,0.05
278258,0.684
278331,0.58
278339,0.684
278547,0.171
278555,0.684
278591,0.181
278602,0.11
278630,0.023
278653,0.021
278661,0.023
278673,0.021
278705,0.018
278713,0.021
278725,0.019
278776,0.02
278784,0.019
278792,0.021
278812,0.019
278831,0.02
278839,0.021
278847,0.023
278855,0.043
278863,0.145
278871,0.165
278879,0.342
278887,0.684
278907,0.181
278915,0.684
278927,0.021
278935,0.023
278943,0.021
278974,0.018
278982,0.021
279058,0.018
279066,0.021
279093,0.018
279101,0.019
279141,0.021
279161,0.018
279169,0.021
279177,0.02
279185,0.021
279257,0.02
279265,0.021
279297,0.02
279305,0.023
279333,0.031
279345,0.085
279353,0.1
279362,0.145
279370,0.171
279378,0.684
279511,0.165
279519,0.031
279527,0.135
279535,0.145
279543,0.2
279551,0.181
279559,0.684
279579,0.171
279587,0.2
279595,0.684
279815,0.342
279823,0.684
279855,0.342
279863,0.684
279874,0.11
279882,0.023
279890,0.11
279902,0.031
279914,0.023
280002,0.021
280022,0.023
280062,0.021
280145,0.02
280165,0.019
280237,0.021
280245,0.0181
280272,0.02
280280,0.0181
280559,0.02
280567,0.018
280575,0.021
280583,0.018
280643,0.019
280651,0.018
280663,0.019
280671,0.018
280699,0.019
280720,0.018
280728,0.021
280768,0.018
280780,0.02
280789,0.018
280797,0.02
280805,0.018
280813,0.022
280821,0.068
280833,0.085
280853,0.1
280861,0.11
280869,0.021
280882,0.018
280890,0.021
280898,0.018
280906,0.021
280914,0.09
280923,0.11
280931,0.684
281025,0.725
281057,1
281219,0.145
281227,0.2
281236,0.021
281244,0.05
281252,0.021
281260,0.018
281280,0.054
281288,1
281309,0.018
281381,0.05
281389,0.02
281397,0.018
281417,0.11
281429,0.1
281438,0.018
281486,0.02
281494,0.018
281518,0.1
281526,0.02
281534,0.018
281542,0.02
281550,0.018
281858,0.019
281870,0.018
281878,0.019
281911,0.02
281947,0.019
282008,0.018
282016,0.019
282024,0.02
282049,0.018
282057,0.019
282070,0.018
282078,0.019
282127,0.021
282136,0.023
282156,0.03
282168,0.1
282177,0.021
282185,0.085
282193,0.145
282210,0.05
282218,0.1
282226,0.17
282235,0.023
282264,0.069
282273,0.11
282281,1
282330,0.56
282343,0.145
282351,1
282396,0.018
282404,0.023
282412,0.05
282420,0.08
282433,1
282462,0.342
282470,1
282491,0.2
282499,0.11
282507,0.2
282515,1
282605,0.2
282614,0.25
282622,0.58
282630,1
282687,0.1
282699,0.023
282724,0.021
282744,0.018
282753,0.021
282793,0.02
282924,0.021
282944,0.02
282965,0.018
282973,0.02
282997,0.019
283021,0.018
283029,0.019
283037,0.018
284478,0.018
285921,0.018
286580,0.05
286588,0.11
286597,0.03
286606,0.026
286615,0.018
286720,0.026
286729,0.17
286737,0.171
286745,0.11
286767,0.05
286784,0.019
286792,0.03
286800,0.11
286808,0.2
286817,0.684
286826,1
287005,0.342
287013,0.25
287021,0.2
287030,0.145
287038,0.117
287046,0.12
287055,0.145
287063,0.15
287071,0.165
287080,0.018
287097,0.019
287105,0.018
287113,0.019
287122,0.018
287881,0.02
287903,0.085
287919,0.019
287928,0.018
287936,0.085
287944,0.171
287957,0.018
287974,0.145
287983,0.05
287991,0.145
288000,0.2
288008,0.25
288021,0.35
288030,1
288063,0.2
288076,0.018
288084,0.019
288093,0.11
288101,0.05
288110,0.018
288118,0.11
288126,0.29
288135,0.684
288143,1
288454,1.595
288462,0.725
288554,0.2
288570,0.171
288579,0.2
288587,0.145
288595,0.171
288603,0.145
288611,0.1
288619,0.11
288640,0.145
288648,0.11
288656,0.145
288668,0.11
288693,0.12
288701,0.05
288709,0.019
288717,0.018
288910,0.019
288918,0.018
288970,0.019
288978,0.018
289270,0.019
289278,0.018
289355,0.019
289363,0.018
289421,0.2
289441,0.181
289449,0.171
289457,0.019
289470,0.018
289494,0.019
289502,0.018
289559,0.054
289567,0.17
289588,0.145
289596,0.725
289604,0.145
289612,0.181
289620,0.684
289628,0.5
289637,0.725
289645,0.2
289657,0.725
289740,1.61
290023,2
290174,0.342
290182,2
290194,0.29
290202,1.61
290210,0.5
290218,2
290230,0.5
290242,0.2
290250,0.181
290258,0.145
290270,0.046
290278,0.05
290290,0.046
290298,0.05
290306,0.046
290314,0.05
290322,0.11
290330,0.046
290343,0.018
290362,0.019
290370,0.018
290382,0.02
290390,0.018
290710,0.046
290718,0.018
290726,0.046
290742,0.018
290750,0.02
290758,0.019
290771,0.046
290779,0.11
290787,0.145
290795,0.11
290804,0.145
290812,0.046
290840,0.145
290848,0.046
290857,0.145
290865,0.171
290874,0.2
290882,1.61
291380,0.2
291388,0.171
291396,1.61
291412,0.342
291420,1.61
291433,0.145
291457,0.05
291473,0.145
291481,0.15
291489,0.05
291498,0.046
291518,0.018
291526,0.046
291538,0.02
291546,0.018
291562,0.046
291578,0.02
291586,0.018
291742,0.02
291750,0.018
291994,0.019
292006,0.018
292018,0.019
292027,0.018
292039,0.019
292048,0.018
292056,0.019
292081,0.018
292094,0.019
292102,0.018
292115,0.019
292123,0.018
292131,0.019
292140,0.018
292148,0.019
292161,0.018
292187,0.019
292195,0.02
292204,0.046
292212,0.02
292233,0.018
292254,0.025
292271,0.018
292280,0.046
292305,0.085
292331,0.046
292348,0.018
292361,0.046
292369,0.018
292382,0.046
292416,0.05
292425,0.054
292433,0.11
292442,0.17
292450,1.61
292556,0.1
292565,0.2
292573,0.684
292582,1.61
292701,0.046
292714,0.018
292722,0.046
292735,0.018
292744,0.046
292752,0.019
292761,0.046
292808,0.018
292816,0.02
292825,0.018
292833,0.019
292842,0.018
292927,0.019
292935,0.018
293313,0.019
293321,0.018
294762,0.018
296204,0.018
296640,0.046
296648,0.145
296657,0.5
296665,0.342
296678,0.2
296686,0.05
296695,0.046
296703,0.018
296720,0.019
296728,0.018
296737,0.046
296763,0.145
296771,0.046
296780,0.1
296792,0.171
296801,2
296827,0.046
296852,0.138
296861,0.2
296874,0.1
296882,0.2
296891,2
296912,0.2
296920,2
296933,0.2
296946,0.342
296955,2
296968,0.2
296980,0.046
296993,2
297048,0.018
297083,0.046
297095,0.018
297121,0.046
297138,0.018
297147,0.046
297155,0.019
297164,0.018
297180,0.019
297189,0.018
297916,0.046
297933,0.018
297942,0.046
297958,0.018
297975,0.28
297984,2
298031,0.018
298039,0.054
298048,0.145
298057,0.046
298091,0.018
298104,0.019
298112,0.145
298125,0.181
298133,2
298336,0.725
298344,0.018
298391,0.019
298399,0.018
298408,0.019
298416,0.018
298833,0.019
298841,0.018
299066,0.019
299075,0.018
299543,0.046
299552,0.045
299560,0.018
299581,0.046
299590,0.018
299598,0.046
299611,0.02
299620,0.046
299632,0.018
299653,0.046
299662,0.018
299670,0.046
299717,0.018
299725,0.046
299742,0.018
299835,0.019
299844,0.018
300104,0.046
300120,0.018
300129,0.046
300137,0.018
300146,0.046
300158,0.02
300167,0.018
300180,0.02
300188,0.018
300841,0.02
300849,0.018
300980,0.165
300990,2
301038,0.2
301047,2
301708,0.684
301716,0.5
301725,0.58
301734,2
301743,0.2
301751,0.14
301760,0.11
301769,0.018
302416,0.02
302425,0.018
302434,0.0191
302452,0.018
302470,0.0191
302479,0.11
302492,0.05
302501,0.145
302510,0.018
302537,0.0191
302546,0.11
302559,0.05
302568,0.018
302577,0.045
302586,0.2
302595,0.02
302604,0.018
302617,0.145
302626,0.018
302648,2
302697,0.018
302706,2
302715,0.342
302724,0.145
302732,0.13
302746,0.02
302755,0.018
302768,0.02
302777,0.018
302799,0.02
302808,0.018
302821,0.02
302830,0.018
302839,0.02
302847,0.018
302856,0.145
302865,0.018
302874,0.02
302900,0.018
302965,0.02
302974,0.018
303014,0.02
303022,0.11
303039,0.02
303048,0.018
303066,0.11
303074,0.02
303087,0.018
303096,0.02
303104,0.018
303113,0.02
303122,0.018
303131,0.02
303139,0.018
303148,0.02
303161,0.018
303170,0.02
303178,0.018
304620,0.018
306061,0.018
